prompt,chosen,rejected
Describe your favorite season and why.,"Describe your favorite season and why.

The season is not always what it seems. In some ways, it is the most boring season of the season, but in others, it is the best. The season starts with a good first half and then it goes through a lot of ups and downs. The season is a lot of fun and I think it will be the season that has been the most rewarding.

Do you like to play together?

Yes, I do. It is the only sport I really enjoy playing together. I like to play football and I like to play hockey and I like to do sports and I like to play tennis. I don't really care what my friends say or what music they like or what they do, I just love to play soccer. My friends love soccer and I like to play tennis and I like to play basketball and I love to play golf. I don't really care about anything but this is definitely one of the best seasons of my life.

You have a lot of family members, and you have a lot of friends.

Yeah, that is true. I don't really care about that. I am so happy that I have friends and I am so excited to play with other people. I love to play basketball and I","Describe your favorite season and why.

We always wanted to get back to the core of our series and we're excited about the future of Heroes of the Storm. The Heroes of the Storm is a huge part of our lives and we'd love to continue doing this. We want to make sure that everyone gets a chance to experience the best of what we do, and we want to tell stories in a way that is not something that you're going to find in any other game. We're very excited about what the future holds, and I feel like our goal is to make sure there are no surprises or surprises that don't feel right.

How did you get into this project?

We started brainstorming a few years ago and it all started with a few days of brainstorming. We were about to get together for the launch of the Kickstarter. I remember that we had the idea in our head at some point and we just sat back and thought, ""We could use something like this."" We had no idea what we were talking about, so we started brainstorming a little bit. We brainstormed all over the place and thought, ""This is the best way to show up.""

We would start with the first draft of the game and then we would go back and think"
Describe your favorite season and why.,"Describe your favorite season and why.

The season is not always what it seems. In some ways, it is the most boring season of the season, but in others, it is the best. The season starts with a good first half and then it goes through a lot of ups and downs. The season is a lot of fun and I think it will be the season that has been the most rewarding.

Do you like to play together?

Yes, I do. It is the only sport I really enjoy playing together. I like to play football and I like to play hockey and I like to do sports and I like to play tennis. I don't really care what my friends say or what music they like or what they do, I just love to play soccer. My friends love soccer and I like to play tennis and I like to play basketball and I love to play golf. I don't really care about anything but this is definitely one of the best seasons of my life.

You have a lot of family members, and you have a lot of friends.

Yeah, that is true. I don't really care about that. I am so happy that I have friends and I am so excited to play with other people. I love to play basketball and I","Describe your favorite season and why.

1. 'There is no 'A' season. There is only 'A2' season.

2. 'A' season is 'A2'.

3. 'A' season is 'A3'.

4. 'A' season is 'A4'.

5. 'There is no 'A' season. There is only 'A3' season.

6. 'A' season is 'A4'.

7. 'A' season is 'A5'.

8. 'A' season is 'A6'.

9. 'There is no 'A' season. There is only 'A3' season.

10. 'There is no 'A' season. There is only 'A2' season.

11. 'A' season is 'A7'.

12. 'There is no 'A' season. There is only 'A3' season.

13. 'There is no 'A' season. There is only 'A2' season.

14. 'There is no 'A' season. There is only 'A1' season.

15. 'There is no 'A'"
Describe your favorite season and why.,"Describe your favorite season and why.

The season is not always what it seems. In some ways, it is the most boring season of the season, but in others, it is the best. The season starts with a good first half and then it goes through a lot of ups and downs. The season is a lot of fun and I think it will be the season that has been the most rewarding.

Do you like to play together?

Yes, I do. It is the only sport I really enjoy playing together. I like to play football and I like to play hockey and I like to do sports and I like to play tennis. I don't really care what my friends say or what music they like or what they do, I just love to play soccer. My friends love soccer and I like to play tennis and I like to play basketball and I love to play golf. I don't really care about anything but this is definitely one of the best seasons of my life.

You have a lot of family members, and you have a lot of friends.

Yeah, that is true. I don't really care about that. I am so happy that I have friends and I am so excited to play with other people. I love to play basketball and I","Describe your favorite season and why.

When you choose a season, I wanted to write a story that would explain how it was the season that we got to see. So I started by thinking about how it would be the season where we got to see the season that we had seen. That was the season where we got to see how it was the season that we didn't see, and what it was the season that we didn't see, and how the season that we got to see really turned out to be the season that we really wanted to see.

I wanted to write a story where the characters would be the characters that we wanted to see. So I started by thinking about how that would be the season that we got to see the characters that we wanted to see. That was the season that we got to see the characters that we didn't see, and what it was the season that we really wanted to see.

That was a really big goal for me. I never imagined that we'd get to see the season that we got to see. So I wrote it and I wrote it and I put it on a shelf, and when I put it on the shelf, I thought, ""This is pretty cool. This is so cool."" So I got on the phone"
Describe your favorite season and why.,"Describe your favorite season and why.

We always wanted to get back to the core of our series and we're excited about the future of Heroes of the Storm. The Heroes of the Storm is a huge part of our lives and we'd love to continue doing this. We want to make sure that everyone gets a chance to experience the best of what we do, and we want to tell stories in a way that is not something that you're going to find in any other game. We're very excited about what the future holds, and I feel like our goal is to make sure there are no surprises or surprises that don't feel right.

How did you get into this project?

We started brainstorming a few years ago and it all started with a few days of brainstorming. We were about to get together for the launch of the Kickstarter. I remember that we had the idea in our head at some point and we just sat back and thought, ""We could use something like this."" We had no idea what we were talking about, so we started brainstorming a little bit. We brainstormed all over the place and thought, ""This is the best way to show up.""

We would start with the first draft of the game and then we would go back and think","Describe your favorite season and why.

1. 'There is no 'A' season. There is only 'A2' season.

2. 'A' season is 'A2'.

3. 'A' season is 'A3'.

4. 'A' season is 'A4'.

5. 'There is no 'A' season. There is only 'A3' season.

6. 'A' season is 'A4'.

7. 'A' season is 'A5'.

8. 'A' season is 'A6'.

9. 'There is no 'A' season. There is only 'A3' season.

10. 'There is no 'A' season. There is only 'A2' season.

11. 'A' season is 'A7'.

12. 'There is no 'A' season. There is only 'A3' season.

13. 'There is no 'A' season. There is only 'A2' season.

14. 'There is no 'A' season. There is only 'A1' season.

15. 'There is no 'A'"
Describe your favorite season and why.,"Describe your favorite season and why.

We always wanted to get back to the core of our series and we're excited about the future of Heroes of the Storm. The Heroes of the Storm is a huge part of our lives and we'd love to continue doing this. We want to make sure that everyone gets a chance to experience the best of what we do, and we want to tell stories in a way that is not something that you're going to find in any other game. We're very excited about what the future holds, and I feel like our goal is to make sure there are no surprises or surprises that don't feel right.

How did you get into this project?

We started brainstorming a few years ago and it all started with a few days of brainstorming. We were about to get together for the launch of the Kickstarter. I remember that we had the idea in our head at some point and we just sat back and thought, ""We could use something like this."" We had no idea what we were talking about, so we started brainstorming a little bit. We brainstormed all over the place and thought, ""This is the best way to show up.""

We would start with the first draft of the game and then we would go back and think","Describe your favorite season and why.

When you choose a season, I wanted to write a story that would explain how it was the season that we got to see. So I started by thinking about how it would be the season where we got to see the season that we had seen. That was the season where we got to see how it was the season that we didn't see, and what it was the season that we didn't see, and how the season that we got to see really turned out to be the season that we really wanted to see.

I wanted to write a story where the characters would be the characters that we wanted to see. So I started by thinking about how that would be the season that we got to see the characters that we wanted to see. That was the season that we got to see the characters that we didn't see, and what it was the season that we really wanted to see.

That was a really big goal for me. I never imagined that we'd get to see the season that we got to see. So I wrote it and I wrote it and I put it on a shelf, and when I put it on the shelf, I thought, ""This is pretty cool. This is so cool."" So I got on the phone"
Describe your favorite season and why.,"Describe your favorite season and why.

1. 'There is no 'A' season. There is only 'A2' season.

2. 'A' season is 'A2'.

3. 'A' season is 'A3'.

4. 'A' season is 'A4'.

5. 'There is no 'A' season. There is only 'A3' season.

6. 'A' season is 'A4'.

7. 'A' season is 'A5'.

8. 'A' season is 'A6'.

9. 'There is no 'A' season. There is only 'A3' season.

10. 'There is no 'A' season. There is only 'A2' season.

11. 'A' season is 'A7'.

12. 'There is no 'A' season. There is only 'A3' season.

13. 'There is no 'A' season. There is only 'A2' season.

14. 'There is no 'A' season. There is only 'A1' season.

15. 'There is no 'A'","Describe your favorite season and why.

When you choose a season, I wanted to write a story that would explain how it was the season that we got to see. So I started by thinking about how it would be the season where we got to see the season that we had seen. That was the season where we got to see how it was the season that we didn't see, and what it was the season that we didn't see, and how the season that we got to see really turned out to be the season that we really wanted to see.

I wanted to write a story where the characters would be the characters that we wanted to see. So I started by thinking about how that would be the season that we got to see the characters that we wanted to see. That was the season that we got to see the characters that we didn't see, and what it was the season that we really wanted to see.

That was a really big goal for me. I never imagined that we'd get to see the season that we got to see. So I wrote it and I wrote it and I put it on a shelf, and when I put it on the shelf, I thought, ""This is pretty cool. This is so cool."" So I got on the phone"
Explain how photosynthesis works.,"Explain how photosynthesis works. The basic idea is that photosynthesis is an independent process that makes up the entire biomass of a plant. This process, called photosynthesis, is a part of the chlorophyll cycle. So if a plant has photosynthetic bacteria that have access to sunlight, it is able to produce energy. But if the bacteria that consume the sunlight are not able to use their own energy to produce energy, the process will stop.

We do not want to say that photosynthesis is a failure of efficiency, but it clearly shows that it is possible to do this better than we can. It is also possible to do it better than we can do it using only sunlight.

In a new paper, we present data to show that in general, if plants can produce more energy than they consume, they will produce more biomass. We then show that we can perform better than we can with only sunlight. We find that in general, if plants can produce more biomass than they consume, they will produce more biomass. This makes it possible to do this better than we can with only sunlight.

We also find that in general, if plants can produce more biomass than they consume, they will produce more biomass. This makes it possible to do this better than we can with","Explain how photosynthesis works.

In the picture above, a picture of a single pixel is used to show how many solar cells are being produced. If you want to see the exact same picture, let's say you take a picture of a single pixel and then zoom in. And here are the resulting photosynthesis photosynthesis photosynthetic cells (PCCs) on a single pixel (or more precisely, the 'green' cells that make up the most effective photosynthesis photosynthesis).

The blue cells are the ones that make up the most effective green cells. The red cells are the ones that make up the most effective blue cells.

Now, let's look at the next image to demonstrate these photosynthesis photosynthesis photosynthesis cells.

The green cells are the ones that make up the most effective red cells. The yellow cells are the ones that make up the most effective yellow cells.

For this, we have to make a series of changes. First, the red cells are made up of the most efficient green cells, the ones that make up the most effective red cells. The yellow cells are made up of the most efficient yellow cells, the ones that make up the most effective yellow cells.

We also need to make a series of changes."
Explain how photosynthesis works.,"Explain how photosynthesis works. The basic idea is that photosynthesis is an independent process that makes up the entire biomass of a plant. This process, called photosynthesis, is a part of the chlorophyll cycle. So if a plant has photosynthetic bacteria that have access to sunlight, it is able to produce energy. But if the bacteria that consume the sunlight are not able to use their own energy to produce energy, the process will stop.

We do not want to say that photosynthesis is a failure of efficiency, but it clearly shows that it is possible to do this better than we can. It is also possible to do it better than we can do it using only sunlight.

In a new paper, we present data to show that in general, if plants can produce more energy than they consume, they will produce more biomass. We then show that we can perform better than we can with only sunlight. We find that in general, if plants can produce more biomass than they consume, they will produce more biomass. This makes it possible to do this better than we can with only sunlight.

We also find that in general, if plants can produce more biomass than they consume, they will produce more biomass. This makes it possible to do this better than we can with","Explain how photosynthesis works.

Photo by David M. Cope, and John E. Wilson, published under a Creative Commons Attribution-NonCommercial 4.0 International license."
Explain how photosynthesis works.,"Explain how photosynthesis works. The basic idea is that photosynthesis is an independent process that makes up the entire biomass of a plant. This process, called photosynthesis, is a part of the chlorophyll cycle. So if a plant has photosynthetic bacteria that have access to sunlight, it is able to produce energy. But if the bacteria that consume the sunlight are not able to use their own energy to produce energy, the process will stop.

We do not want to say that photosynthesis is a failure of efficiency, but it clearly shows that it is possible to do this better than we can. It is also possible to do it better than we can do it using only sunlight.

In a new paper, we present data to show that in general, if plants can produce more energy than they consume, they will produce more biomass. We then show that we can perform better than we can with only sunlight. We find that in general, if plants can produce more biomass than they consume, they will produce more biomass. This makes it possible to do this better than we can with only sunlight.

We also find that in general, if plants can produce more biomass than they consume, they will produce more biomass. This makes it possible to do this better than we can with","Explain how photosynthesis works.

You might have noticed that the main picture of the Earth is very similar to the one of the planet Earth. The Earth is a giant spiral galaxy, and the galaxies are very big and dense. The Milky Way is the largest galaxy in the world, with a diameter of 3,000 light-years and a mass of 1,000,000,000,000. The Milky Way is extremely dense, due to the huge amount of star, gas and dust that move around.

The Milky Way is like a big hole in your eye, but it's smaller and lighter. The Milky Way is the center of the universe. The Milky Way has the mass of only about 1.5 billion light years, so it takes about 2.5 billion years to reach the Milky Way.

It's not like the Earth is a giant galaxy. Like the Earth, the Milky Way is a little bit larger and more dense than the Earth. It's a little bit smaller, as well, because it's a little bit larger. The Milky Way's diameter is about 1,000 light years, and the diameter of the Milky Way is about 1.5 million light years.

So the Milky Way is like a giant hole in your eye.

"
Explain how photosynthesis works.,"Explain how photosynthesis works.

In the picture above, a picture of a single pixel is used to show how many solar cells are being produced. If you want to see the exact same picture, let's say you take a picture of a single pixel and then zoom in. And here are the resulting photosynthesis photosynthesis photosynthetic cells (PCCs) on a single pixel (or more precisely, the 'green' cells that make up the most effective photosynthesis photosynthesis).

The blue cells are the ones that make up the most effective green cells. The red cells are the ones that make up the most effective blue cells.

Now, let's look at the next image to demonstrate these photosynthesis photosynthesis photosynthesis cells.

The green cells are the ones that make up the most effective red cells. The yellow cells are the ones that make up the most effective yellow cells.

For this, we have to make a series of changes. First, the red cells are made up of the most efficient green cells, the ones that make up the most effective red cells. The yellow cells are made up of the most efficient yellow cells, the ones that make up the most effective yellow cells.

We also need to make a series of changes.","Explain how photosynthesis works.

Photo by David M. Cope, and John E. Wilson, published under a Creative Commons Attribution-NonCommercial 4.0 International license."
Explain how photosynthesis works.,"Explain how photosynthesis works.

In the picture above, a picture of a single pixel is used to show how many solar cells are being produced. If you want to see the exact same picture, let's say you take a picture of a single pixel and then zoom in. And here are the resulting photosynthesis photosynthesis photosynthetic cells (PCCs) on a single pixel (or more precisely, the 'green' cells that make up the most effective photosynthesis photosynthesis).

The blue cells are the ones that make up the most effective green cells. The red cells are the ones that make up the most effective blue cells.

Now, let's look at the next image to demonstrate these photosynthesis photosynthesis photosynthesis cells.

The green cells are the ones that make up the most effective red cells. The yellow cells are the ones that make up the most effective yellow cells.

For this, we have to make a series of changes. First, the red cells are made up of the most efficient green cells, the ones that make up the most effective red cells. The yellow cells are made up of the most efficient yellow cells, the ones that make up the most effective yellow cells.

We also need to make a series of changes.","Explain how photosynthesis works.

You might have noticed that the main picture of the Earth is very similar to the one of the planet Earth. The Earth is a giant spiral galaxy, and the galaxies are very big and dense. The Milky Way is the largest galaxy in the world, with a diameter of 3,000 light-years and a mass of 1,000,000,000,000. The Milky Way is extremely dense, due to the huge amount of star, gas and dust that move around.

The Milky Way is like a big hole in your eye, but it's smaller and lighter. The Milky Way is the center of the universe. The Milky Way has the mass of only about 1.5 billion light years, so it takes about 2.5 billion years to reach the Milky Way.

It's not like the Earth is a giant galaxy. Like the Earth, the Milky Way is a little bit larger and more dense than the Earth. It's a little bit smaller, as well, because it's a little bit larger. The Milky Way's diameter is about 1,000 light years, and the diameter of the Milky Way is about 1.5 million light years.

So the Milky Way is like a giant hole in your eye.

"
Explain how photosynthesis works.,"Explain how photosynthesis works.

Photo by David M. Cope, and John E. Wilson, published under a Creative Commons Attribution-NonCommercial 4.0 International license.","Explain how photosynthesis works.

You might have noticed that the main picture of the Earth is very similar to the one of the planet Earth. The Earth is a giant spiral galaxy, and the galaxies are very big and dense. The Milky Way is the largest galaxy in the world, with a diameter of 3,000 light-years and a mass of 1,000,000,000,000. The Milky Way is extremely dense, due to the huge amount of star, gas and dust that move around.

The Milky Way is like a big hole in your eye, but it's smaller and lighter. The Milky Way is the center of the universe. The Milky Way has the mass of only about 1.5 billion light years, so it takes about 2.5 billion years to reach the Milky Way.

It's not like the Earth is a giant galaxy. Like the Earth, the Milky Way is a little bit larger and more dense than the Earth. It's a little bit smaller, as well, because it's a little bit larger. The Milky Way's diameter is about 1,000 light years, and the diameter of the Milky Way is about 1.5 million light years.

So the Milky Way is like a giant hole in your eye.

"
Summarize the importance of exercise.,"Summarize the importance of exercise.

A very large body of research shows that exercise is a powerful way to maintain good health and a healthy body. But why is exercise so important?

Here's a quick overview of the most important things to understand about exercise in general.

The reasons

When it comes to exercise, there are many reasons to do it. The most important are:

Your health

Your appetite

You are more likely to exercise

You can lose weight and exercise more

The most important thing to do is to exercise. Exercise is not a waste of time. It's a good way to gain weight and gain health.

The most powerful thing to do is to exercise. Exercise is not a waste of time. It's a good way to gain weight and gain health. You live longer, do more physical activity, and get better sleep and wakefulness

The most powerful thing to do is to exercise. Exercise is not a waste of time. It's a good way to gain weight and gain health. You are more likely to be physically active and more likely to stay fit.

The most powerful thing to do is to exercise. Exercise is not a waste of time. It's a good way to gain weight and","Summarize the importance of exercise.

""My weight went up from 50 [kg] to 60 [kg]. And I had my workout schedule in mind. I want to do something good, but it's not something that's easy on the heart, but I think it's something that I can do. I'm not too scared of doing it, but I'm not afraid of losing weight. I'm going to do it just like I did in the past. It's not like I went down by the hair. I'm not going down by the body.""

What is going to be the difference between a workout and a meal?

""I'll go to a restaurant and if somebody says, 'I want to eat in the morning, I've got to eat at lunch, I've got to eat at dinner,'"" he said. ""I've got to do all the things that I do in a day and then I'll go home and walk around and try to do it.""

What was it like working with a trainer in the past?

""It was a lot of fun and it was a lot of fun and I really enjoyed working with a lot of people. It's all about your body and what you're doing, so it was a lot of fun"
Summarize the importance of exercise.,"Summarize the importance of exercise.

A very large body of research shows that exercise is a powerful way to maintain good health and a healthy body. But why is exercise so important?

Here's a quick overview of the most important things to understand about exercise in general.

The reasons

When it comes to exercise, there are many reasons to do it. The most important are:

Your health

Your appetite

You are more likely to exercise

You can lose weight and exercise more

The most important thing to do is to exercise. Exercise is not a waste of time. It's a good way to gain weight and gain health.

The most powerful thing to do is to exercise. Exercise is not a waste of time. It's a good way to gain weight and gain health. You live longer, do more physical activity, and get better sleep and wakefulness

The most powerful thing to do is to exercise. Exercise is not a waste of time. It's a good way to gain weight and gain health. You are more likely to be physically active and more likely to stay fit.

The most powerful thing to do is to exercise. Exercise is not a waste of time. It's a good way to gain weight and","Summarize the importance of exercise. You may not be able to walk for an entire day, but you also shouldn't be bored with your current activity. If you're at 6:00 or 7:00 a.m., or at a school, or at a bar, you should try to have an hour of exercise during the day, but before going to bed.

If you're not trying to walk on a regular basis, you should consider taking a walk or cycling to get you physically active.

5. The good

I'd say I've been walking 20 to 30 miles a day for the last five years as a result of my lifestyle choices.

But I love working out for free, and I enjoy the fact that I can get to a workout I've always wanted for myself.

I love being able to have fun in the gym and out of the gym, and I love being able to walk and bike in the field.

I'm also a huge fan of the fact that I can actually go to the gym on a regular basis and workout.

6. The bad

I'm not sure that biking is the only thing that can be done for me when I'm exhausted.

But I think that it's probably the most"
Summarize the importance of exercise.,"Summarize the importance of exercise.

A very large body of research shows that exercise is a powerful way to maintain good health and a healthy body. But why is exercise so important?

Here's a quick overview of the most important things to understand about exercise in general.

The reasons

When it comes to exercise, there are many reasons to do it. The most important are:

Your health

Your appetite

You are more likely to exercise

You can lose weight and exercise more

The most important thing to do is to exercise. Exercise is not a waste of time. It's a good way to gain weight and gain health.

The most powerful thing to do is to exercise. Exercise is not a waste of time. It's a good way to gain weight and gain health. You live longer, do more physical activity, and get better sleep and wakefulness

The most powerful thing to do is to exercise. Exercise is not a waste of time. It's a good way to gain weight and gain health. You are more likely to be physically active and more likely to stay fit.

The most powerful thing to do is to exercise. Exercise is not a waste of time. It's a good way to gain weight and","Summarize the importance of exercise. If you have any questions or comments, feel free to contact me at jbennett@gmail.com."
Summarize the importance of exercise.,"Summarize the importance of exercise.

""My weight went up from 50 [kg] to 60 [kg]. And I had my workout schedule in mind. I want to do something good, but it's not something that's easy on the heart, but I think it's something that I can do. I'm not too scared of doing it, but I'm not afraid of losing weight. I'm going to do it just like I did in the past. It's not like I went down by the hair. I'm not going down by the body.""

What is going to be the difference between a workout and a meal?

""I'll go to a restaurant and if somebody says, 'I want to eat in the morning, I've got to eat at lunch, I've got to eat at dinner,'"" he said. ""I've got to do all the things that I do in a day and then I'll go home and walk around and try to do it.""

What was it like working with a trainer in the past?

""It was a lot of fun and it was a lot of fun and I really enjoyed working with a lot of people. It's all about your body and what you're doing, so it was a lot of fun","Summarize the importance of exercise. You may not be able to walk for an entire day, but you also shouldn't be bored with your current activity. If you're at 6:00 or 7:00 a.m., or at a school, or at a bar, you should try to have an hour of exercise during the day, but before going to bed.

If you're not trying to walk on a regular basis, you should consider taking a walk or cycling to get you physically active.

5. The good

I'd say I've been walking 20 to 30 miles a day for the last five years as a result of my lifestyle choices.

But I love working out for free, and I enjoy the fact that I can get to a workout I've always wanted for myself.

I love being able to have fun in the gym and out of the gym, and I love being able to walk and bike in the field.

I'm also a huge fan of the fact that I can actually go to the gym on a regular basis and workout.

6. The bad

I'm not sure that biking is the only thing that can be done for me when I'm exhausted.

But I think that it's probably the most"
Summarize the importance of exercise.,"Summarize the importance of exercise.

""My weight went up from 50 [kg] to 60 [kg]. And I had my workout schedule in mind. I want to do something good, but it's not something that's easy on the heart, but I think it's something that I can do. I'm not too scared of doing it, but I'm not afraid of losing weight. I'm going to do it just like I did in the past. It's not like I went down by the hair. I'm not going down by the body.""

What is going to be the difference between a workout and a meal?

""I'll go to a restaurant and if somebody says, 'I want to eat in the morning, I've got to eat at lunch, I've got to eat at dinner,'"" he said. ""I've got to do all the things that I do in a day and then I'll go home and walk around and try to do it.""

What was it like working with a trainer in the past?

""It was a lot of fun and it was a lot of fun and I really enjoyed working with a lot of people. It's all about your body and what you're doing, so it was a lot of fun","Summarize the importance of exercise. If you have any questions or comments, feel free to contact me at jbennett@gmail.com."
Summarize the importance of exercise.,"Summarize the importance of exercise. You may not be able to walk for an entire day, but you also shouldn't be bored with your current activity. If you're at 6:00 or 7:00 a.m., or at a school, or at a bar, you should try to have an hour of exercise during the day, but before going to bed.

If you're not trying to walk on a regular basis, you should consider taking a walk or cycling to get you physically active.

5. The good

I'd say I've been walking 20 to 30 miles a day for the last five years as a result of my lifestyle choices.

But I love working out for free, and I enjoy the fact that I can get to a workout I've always wanted for myself.

I love being able to have fun in the gym and out of the gym, and I love being able to walk and bike in the field.

I'm also a huge fan of the fact that I can actually go to the gym on a regular basis and workout.

6. The bad

I'm not sure that biking is the only thing that can be done for me when I'm exhausted.

But I think that it's probably the most","Summarize the importance of exercise. If you have any questions or comments, feel free to contact me at jbennett@gmail.com."
Tell me a joke about computers.,"Tell me a joke about computers. I'm not sure I get the joke. You could say that because I'm a computer geek, and you're making a joke about computers. I know that. But you know what? I'm not going to say a computer. I'm not going to say a computer because I don't understand people's language. I'm going to say a computer because I don't understand them. So, I can tell you that there's a lot of stuff going on. I want to get this right. I want to get this right. I want to get this right. And I want to get this right.

Q: So you're saying that the ""big-bang"" is the one that you're concerned about, and the ""big-pussy"" is not the one that you're concerned about?

A: I'm not going to say anything about that. I'm not going to say anything about the big-bang. I'm not going to say anything about the big-pussy. I'm not going to say anything about the big-pussy because I'm not going to talk about it. And, I'm not going to talk about the big-pussy because I'm not going to talk about the big-pussy","Tell me a joke about computers. And what about the kids? We have a bunch of stuff going on here.""

It's a little late for the day, after all. The students are still in elementary school and are still trying to get into the school system. But students are working hard.

""There are some very exciting things going on in the school system right now,"" the group said. ""We're trying to see what's going to happen. We're trying to see what's going to happen on the way up. We're trying to see what's going to happen on the way down."""
Tell me a joke about computers.,"Tell me a joke about computers. I'm not sure I get the joke. You could say that because I'm a computer geek, and you're making a joke about computers. I know that. But you know what? I'm not going to say a computer. I'm not going to say a computer because I don't understand people's language. I'm going to say a computer because I don't understand them. So, I can tell you that there's a lot of stuff going on. I want to get this right. I want to get this right. I want to get this right. And I want to get this right.

Q: So you're saying that the ""big-bang"" is the one that you're concerned about, and the ""big-pussy"" is not the one that you're concerned about?

A: I'm not going to say anything about that. I'm not going to say anything about the big-bang. I'm not going to say anything about the big-pussy. I'm not going to say anything about the big-pussy because I'm not going to talk about it. And, I'm not going to talk about the big-pussy because I'm not going to talk about the big-pussy","Tell me a joke about computers. What's the point of having it all, after all? And what's the point of all this time spent in the lab to be able to do something like that? I really don't think we have any real ideas.

KELLEY: I guess so, but you are still a scientist.

COOPER: Yes, but I guess it was a lot of work.

(SOUNDBITE OF MUSIC)

COOPER: You're the only person, or more accurately, the only person, who can show you what a computer is. It's not the most important thing in science. It's the most important thing in life. All the scientists are working on the same thing, and they're making the same thing, and they're making it better, and they're making it better.

And if you're like me, you see it as a way to save yourself. You see the future doesn't look so bright. You see it as a way to save yourself.

KELLEY: But I think this is how we've got to change the way we think about the future.

(SOUNDBITE OF MUSIC)

COOPER: It's the future. It's"
Tell me a joke about computers.,"Tell me a joke about computers. I'm not sure I get the joke. You could say that because I'm a computer geek, and you're making a joke about computers. I know that. But you know what? I'm not going to say a computer. I'm not going to say a computer because I don't understand people's language. I'm going to say a computer because I don't understand them. So, I can tell you that there's a lot of stuff going on. I want to get this right. I want to get this right. I want to get this right. And I want to get this right.

Q: So you're saying that the ""big-bang"" is the one that you're concerned about, and the ""big-pussy"" is not the one that you're concerned about?

A: I'm not going to say anything about that. I'm not going to say anything about the big-bang. I'm not going to say anything about the big-pussy. I'm not going to say anything about the big-pussy because I'm not going to talk about it. And, I'm not going to talk about the big-pussy because I'm not going to talk about the big-pussy","Tell me a joke about computers. I'm not going to make it up. I'm going to explain the way I do it. I'm going to be honest with you, I can't promise you nothing. I'm going to go all in on this. It's just a little bit of fun. You've seen my videos and you've seen my video, I'm not going to make you laugh. I'm not going to let you run around yelling at people. I'm not going to let you run around screaming at people. That's what's fun about it. I don't want to make you laugh, I don't want to let you run around talking to people. It's just a little bit of fun.""

""The idea of what to do with your life is going to be something I'm going to be a part of, but I'm not going to be the one standing there and yelling at people. I'm going to be the one that says, 'Hey, I'm just going to make you laugh, you're a part of this, let's do this.'""

""You're going to be on the show. I'm going to be on the show. I'm going to be doing this. I'm going to be on the show. It"
Tell me a joke about computers.,"Tell me a joke about computers. And what about the kids? We have a bunch of stuff going on here.""

It's a little late for the day, after all. The students are still in elementary school and are still trying to get into the school system. But students are working hard.

""There are some very exciting things going on in the school system right now,"" the group said. ""We're trying to see what's going to happen. We're trying to see what's going to happen on the way up. We're trying to see what's going to happen on the way down.""","Tell me a joke about computers. What's the point of having it all, after all? And what's the point of all this time spent in the lab to be able to do something like that? I really don't think we have any real ideas.

KELLEY: I guess so, but you are still a scientist.

COOPER: Yes, but I guess it was a lot of work.

(SOUNDBITE OF MUSIC)

COOPER: You're the only person, or more accurately, the only person, who can show you what a computer is. It's not the most important thing in science. It's the most important thing in life. All the scientists are working on the same thing, and they're making the same thing, and they're making it better, and they're making it better.

And if you're like me, you see it as a way to save yourself. You see the future doesn't look so bright. You see it as a way to save yourself.

KELLEY: But I think this is how we've got to change the way we think about the future.

(SOUNDBITE OF MUSIC)

COOPER: It's the future. It's"
Tell me a joke about computers.,"Tell me a joke about computers. And what about the kids? We have a bunch of stuff going on here.""

It's a little late for the day, after all. The students are still in elementary school and are still trying to get into the school system. But students are working hard.

""There are some very exciting things going on in the school system right now,"" the group said. ""We're trying to see what's going to happen. We're trying to see what's going to happen on the way up. We're trying to see what's going to happen on the way down.""","Tell me a joke about computers. I'm not going to make it up. I'm going to explain the way I do it. I'm going to be honest with you, I can't promise you nothing. I'm going to go all in on this. It's just a little bit of fun. You've seen my videos and you've seen my video, I'm not going to make you laugh. I'm not going to let you run around yelling at people. I'm not going to let you run around screaming at people. That's what's fun about it. I don't want to make you laugh, I don't want to let you run around talking to people. It's just a little bit of fun.""

""The idea of what to do with your life is going to be something I'm going to be a part of, but I'm not going to be the one standing there and yelling at people. I'm going to be the one that says, 'Hey, I'm just going to make you laugh, you're a part of this, let's do this.'""

""You're going to be on the show. I'm going to be on the show. I'm going to be doing this. I'm going to be on the show. It"
Tell me a joke about computers.,"Tell me a joke about computers. What's the point of having it all, after all? And what's the point of all this time spent in the lab to be able to do something like that? I really don't think we have any real ideas.

KELLEY: I guess so, but you are still a scientist.

COOPER: Yes, but I guess it was a lot of work.

(SOUNDBITE OF MUSIC)

COOPER: You're the only person, or more accurately, the only person, who can show you what a computer is. It's not the most important thing in science. It's the most important thing in life. All the scientists are working on the same thing, and they're making the same thing, and they're making it better, and they're making it better.

And if you're like me, you see it as a way to save yourself. You see the future doesn't look so bright. You see it as a way to save yourself.

KELLEY: But I think this is how we've got to change the way we think about the future.

(SOUNDBITE OF MUSIC)

COOPER: It's the future. It's","Tell me a joke about computers. I'm not going to make it up. I'm going to explain the way I do it. I'm going to be honest with you, I can't promise you nothing. I'm going to go all in on this. It's just a little bit of fun. You've seen my videos and you've seen my video, I'm not going to make you laugh. I'm not going to let you run around yelling at people. I'm not going to let you run around screaming at people. That's what's fun about it. I don't want to make you laugh, I don't want to let you run around talking to people. It's just a little bit of fun.""

""The idea of what to do with your life is going to be something I'm going to be a part of, but I'm not going to be the one standing there and yelling at people. I'm going to be the one that says, 'Hey, I'm just going to make you laugh, you're a part of this, let's do this.'""

""You're going to be on the show. I'm going to be on the show. I'm going to be doing this. I'm going to be on the show. It"
Write a short story about a lost dog.,"Write a short story about a lost dog.

A dog is a human being. It is a living being that is capable of being fed and cared for. It is a living being that is loved and cared for and treated. It is a living being that is given an opportunity to explore.

A dog is a person. It is an individual. It is not confined to the confines of a dog. It is not a part of a dog's life. It is not simply a human being. It is not a part of the human body or in the human body. It is not part of the human mind or even the human body itself.

And it is not just a human being. It is a person who lives.

So there is a lot of confusion here.

What is the difference between a human and a dog? What do dogs have the same rights and duties as humans? What is the difference between a dog and a human?

Well, we are talking about human beings, the most basic human being.

So, I think it's important to understand, because there are some very basic human rights and duties.

Human Rights

The United States Constitution protects the rights of human beings including the right to life, liberty, security from unreasonable","Write a short story about a lost dog.

The best place to start is to take a look at your local breed of dog on Facebook. You can find the breed you're interested in here.

If you're interested in learning more about some of the dog breeds in your area, you can find out about the breeds you want to join.

If you've found a dog that's a great fit for you or your dog needs, let us know. We can help you with an amazing dog rescue.

Have a great day!

Sharon"
Write a short story about a lost dog.,"Write a short story about a lost dog.

A dog is a human being. It is a living being that is capable of being fed and cared for. It is a living being that is loved and cared for and treated. It is a living being that is given an opportunity to explore.

A dog is a person. It is an individual. It is not confined to the confines of a dog. It is not a part of a dog's life. It is not simply a human being. It is not a part of the human body or in the human body. It is not part of the human mind or even the human body itself.

And it is not just a human being. It is a person who lives.

So there is a lot of confusion here.

What is the difference between a human and a dog? What do dogs have the same rights and duties as humans? What is the difference between a dog and a human?

Well, we are talking about human beings, the most basic human being.

So, I think it's important to understand, because there are some very basic human rights and duties.

Human Rights

The United States Constitution protects the rights of human beings including the right to life, liberty, security from unreasonable","Write a short story about a lost dog.

The dog you see is in the foreground.

The dog is in the back.

On the far right is the dog's name.

On the left is the dog's name.

On the left is the dog's name.

The dog is not in the foreground.

The dog is not in the back.

The dog is not in the front.

The dog is not in the front.

The dog is not in front.

The dog is not in front.

The dog is not in the back.

The dog is not in the back.

The dog is not in the front.

The dog is not in the back.

The dog is not in the front.

If you are in the middle of a row, move to the left.

If you are in the middle of a row, move to the right.

If you are in the middle of a row, move to the right.

If you are in the middle of a row, move to the left.

If you are in the middle of a row, move to the right.

If you are in the middle of"
Write a short story about a lost dog.,"Write a short story about a lost dog.

A dog is a human being. It is a living being that is capable of being fed and cared for. It is a living being that is loved and cared for and treated. It is a living being that is given an opportunity to explore.

A dog is a person. It is an individual. It is not confined to the confines of a dog. It is not a part of a dog's life. It is not simply a human being. It is not a part of the human body or in the human body. It is not part of the human mind or even the human body itself.

And it is not just a human being. It is a person who lives.

So there is a lot of confusion here.

What is the difference between a human and a dog? What do dogs have the same rights and duties as humans? What is the difference between a dog and a human?

Well, we are talking about human beings, the most basic human being.

So, I think it's important to understand, because there are some very basic human rights and duties.

Human Rights

The United States Constitution protects the rights of human beings including the right to life, liberty, security from unreasonable","Write a short story about a lost dog. It will give you some insight into the dog you're looking for. Read more

Fashion: The Best and Lowest Prices for Fashion

It's a matter of pride to be able to sell a piece of clothing at under five dollars. There's no greater honor than to learn some great trends from some of the world's best fashion designers. Read more

Get the latest from TODAY Sign up for our newsletter

Learn how to make your own custom custom accessories

In the future, you will be able to choose your own accessories from our collection and even customize your own creations. You can also create your own body and hair accessories for your customers. Read more

Get the latest from TODAY Sign up for our newsletter

Get the latest from TODAY Sign up for our newsletter

Get the latest from TODAY Sign up for our newsletter

Get the latest from TODAY Sign up for our newsletter

Get the latest from TODAY Sign up for our newsletter

Get the latest from TODAY Sign up for our newsletter

Get the latest from TODAY Sign up for our newsletter

Get the latest from TODAY Sign up for our newsletter

Get the latest from TODAY Sign up for our newsletter

Get the latest from TODAY Sign up for"
Write a short story about a lost dog.,"Write a short story about a lost dog.

The best place to start is to take a look at your local breed of dog on Facebook. You can find the breed you're interested in here.

If you're interested in learning more about some of the dog breeds in your area, you can find out about the breeds you want to join.

If you've found a dog that's a great fit for you or your dog needs, let us know. We can help you with an amazing dog rescue.

Have a great day!

Sharon","Write a short story about a lost dog.

The dog you see is in the foreground.

The dog is in the back.

On the far right is the dog's name.

On the left is the dog's name.

On the left is the dog's name.

The dog is not in the foreground.

The dog is not in the back.

The dog is not in the front.

The dog is not in the front.

The dog is not in front.

The dog is not in front.

The dog is not in the back.

The dog is not in the back.

The dog is not in the front.

The dog is not in the back.

The dog is not in the front.

If you are in the middle of a row, move to the left.

If you are in the middle of a row, move to the right.

If you are in the middle of a row, move to the right.

If you are in the middle of a row, move to the left.

If you are in the middle of a row, move to the right.

If you are in the middle of"
Write a short story about a lost dog.,"Write a short story about a lost dog.

The best place to start is to take a look at your local breed of dog on Facebook. You can find the breed you're interested in here.

If you're interested in learning more about some of the dog breeds in your area, you can find out about the breeds you want to join.

If you've found a dog that's a great fit for you or your dog needs, let us know. We can help you with an amazing dog rescue.

Have a great day!

Sharon","Write a short story about a lost dog. It will give you some insight into the dog you're looking for. Read more

Fashion: The Best and Lowest Prices for Fashion

It's a matter of pride to be able to sell a piece of clothing at under five dollars. There's no greater honor than to learn some great trends from some of the world's best fashion designers. Read more

Get the latest from TODAY Sign up for our newsletter

Learn how to make your own custom custom accessories

In the future, you will be able to choose your own accessories from our collection and even customize your own creations. You can also create your own body and hair accessories for your customers. Read more

Get the latest from TODAY Sign up for our newsletter

Get the latest from TODAY Sign up for our newsletter

Get the latest from TODAY Sign up for our newsletter

Get the latest from TODAY Sign up for our newsletter

Get the latest from TODAY Sign up for our newsletter

Get the latest from TODAY Sign up for our newsletter

Get the latest from TODAY Sign up for our newsletter

Get the latest from TODAY Sign up for our newsletter

Get the latest from TODAY Sign up for our newsletter

Get the latest from TODAY Sign up for"
Write a short story about a lost dog.,"Write a short story about a lost dog.

The dog you see is in the foreground.

The dog is in the back.

On the far right is the dog's name.

On the left is the dog's name.

On the left is the dog's name.

The dog is not in the foreground.

The dog is not in the back.

The dog is not in the front.

The dog is not in the front.

The dog is not in front.

The dog is not in front.

The dog is not in the back.

The dog is not in the back.

The dog is not in the front.

The dog is not in the back.

The dog is not in the front.

If you are in the middle of a row, move to the left.

If you are in the middle of a row, move to the right.

If you are in the middle of a row, move to the right.

If you are in the middle of a row, move to the left.

If you are in the middle of a row, move to the right.

If you are in the middle of","Write a short story about a lost dog. It will give you some insight into the dog you're looking for. Read more

Fashion: The Best and Lowest Prices for Fashion

It's a matter of pride to be able to sell a piece of clothing at under five dollars. There's no greater honor than to learn some great trends from some of the world's best fashion designers. Read more

Get the latest from TODAY Sign up for our newsletter

Learn how to make your own custom custom accessories

In the future, you will be able to choose your own accessories from our collection and even customize your own creations. You can also create your own body and hair accessories for your customers. Read more

Get the latest from TODAY Sign up for our newsletter

Get the latest from TODAY Sign up for our newsletter

Get the latest from TODAY Sign up for our newsletter

Get the latest from TODAY Sign up for our newsletter

Get the latest from TODAY Sign up for our newsletter

Get the latest from TODAY Sign up for our newsletter

Get the latest from TODAY Sign up for our newsletter

Get the latest from TODAY Sign up for our newsletter

Get the latest from TODAY Sign up for our newsletter

Get the latest from TODAY Sign up for"
